[{
    "name": "How to install vqmod in JoomOcShop",
    "url": "https://webkul.uvdesk.com/en/blog/how-to-install-vqmod-in-joomocshop"
}, {
    "name": "Magento Marketplace Module - How to Install",
    "url": "https://webkul.uvdesk.com/en/blog/magento-marketplace-module-how-to-install"
}, {
    "name": "Braintree Payment Setup\n",
    "url": "https://webkul.uvdesk.com/en/blog/braintree-payment-setup-guide"
}, {
    "name": "Marketplace Module Translation",
    "url": "https://webkul.uvdesk.com/en/blog/marketplace-module-translation"
}, {
    "name": "Clients Using Shopify Multivendor Marketplace App\n",
    "url": "https://webkul.uvdesk.com/en/blog/clients-using-shopify-multivendor-marketplace-app"
}, {
    "name": "Pricing And Demo Links\n",
    "url": "https://webkul.uvdesk.com/en/blog/pricing-and-demo-links"
}, {
    "name": "Payment Flow in Multivendor Marketplace App",
    "url": "https://webkul.uvdesk.com/en/blog/payment-flow-in-multivendor-marketplace-app"
}, {
    "name": "Prestashop Module Translation\n",
    "url": "https://webkul.uvdesk.com/en/blog/prestashop-module-translation"
}, {
    "name": "Free trial of any module",
    "url": "https://webkul.uvdesk.com/en/blog/free-trial-of-any-module"
}, {
    "name": "Support for the modules",
    "url": "https://webkul.uvdesk.com/en/blog/support-for-the-modules"
}, {
    "name": "Discounts on modules",
    "url": "https://webkul.uvdesk.com/en/blog/discounts-on-modules"
}, {
    "name": "Refund Rules",
    "url": "https://webkul.uvdesk.com/en/blog/refund-rules"
}, {
    "name": "Compatible Prestashop Themes\n",
    "url": "https://webkul.uvdesk.com/en/blog/compatible-prestashop-themes"
}, {
    "name": "Supports multi-language",
    "url": "https://webkul.uvdesk.com/en/blog/supports-multi-language"
}, {
    "name": "Compatible with Prestashop Multishop function",
    "url": "https://webkul.uvdesk.com/en/blog/compatible-with-prestashop-multishop-function"
}, {
    "name": "Invoice Management",
    "url": "https://webkul.uvdesk.com/en/blog/invoice-management"
}, {
    "name": "Admin Commission",
    "url": "https://webkul.uvdesk.com/en/blog/admin-commission"
}, {
    "name": "Sites using marketplace module",
    "url": "https://webkul.uvdesk.com/en/blog/sites-using-marketplace-module"
}, {
    "name": "Price difference of Prestashop Advanced Marketplace module on Prestashop addons\n",
    "url": "https://webkul.uvdesk.com/en/blog/price-difference-of-module-on-prestashop-addon"
}, {
    "name": "Module support subdomain",
    "url": "https://webkul.uvdesk.com/en/blog/module-support-subdomain"
}, {
    "name": "General FAQ",
    "url": "https://webkul.uvdesk.com/en/blog/general-faq"
}, {
    "name": "Magento Marketplace Payment Gateway Support\n",
    "url": "https://webkul.uvdesk.com/en/blog/magento-marketplace-payment-gateway-support"
}, {
    "name": "Magento Marketplace 3rd Party Module Support\n",
    "url": "https://webkul.uvdesk.com/en/blog/magento-marketplace-3rd-party-module-support"
}, {
    "name": "Magento Marketplace Hosting / Server Requirement",
    "url": "https://webkul.uvdesk.com/en/blog/magento-marketplace-hosting-server-requirement"
}, {
    "name": "Magento Marketplace Multi Language Support",
    "url": "https://webkul.uvdesk.com/en/blog/magento-marketplace-multi-language-support"
}, {
    "name": "Opencart Marketplace journal2 Theme Support\n",
    "url": "https://webkul.uvdesk.com/en/blog/opencart-marketplace-journal2-theme-support"
}, {
    "name": "Opencart Marketplace Hosting / Server Requirement",
    "url": "https://webkul.uvdesk.com/en/blog/opencart-marketplace-hosting-server-requirement"
}, {
    "name": "Does your marketplace module support multiple language including Arabic ?\n",
    "url": "https://webkul.uvdesk.com/en/blog/opencart-marketplace-arabic-support"
}, {
    "name": "How to make payment for customization!",
    "url": "https://webkul.uvdesk.com/en/blog/how-to-make-payment-for-customization"
}, {
    "name": "Shopify Multivendor Marketplace App plan ($10-$45)\n",
    "url": "https://webkul.uvdesk.com/en/blog/pricing-plans-of-shopify-multivendor-marketplace-app"
}, {
    "name": "Restricting product tag in Shopify Multivendor App",
    "url": "https://webkul.uvdesk.com/en/blog/shopify-multivendor-app-restricting-product-tag"
}, {
    "name": "Updations on Shopify Zipcode Validator App",
    "url": "https://webkul.uvdesk.com/en/blog/updations-on-shopify-zipcode-validator-app"
}, {
    "name": "Admin Commission Management",
    "url": "https://webkul.uvdesk.com/en/blog/admin-commission-management"
}, {
    "name": "Note",
    "url": "https://webkul.uvdesk.com/en/blog/note"
}, {
    "name": "Synchronization and mapping in connector",
    "url": "https://webkul.uvdesk.com/en/blog/synchronization-and-mapping-in-connector"
}, {
    "name": "Importing products",
    "url": "https://webkul.uvdesk.com/en/blog/importing-products"
}, {
    "name": "Managing products with combinations",
    "url": "https://webkul.uvdesk.com/en/blog/managing-products-with-combinations"
}, {
    "name": "Exporting products",
    "url": "https://webkul.uvdesk.com/en/blog/exporting-products"
}, {
    "name": "Delete/Update action on imported/exported product",
    "url": "https://webkul.uvdesk.com/en/blog/deleteupdate-action-on-importedexported-product"
}, {
    "name": "Importing Orders",
    "url": "https://webkul.uvdesk.com/en/blog/importing-orders"
}, {
    "name": "Points to Remember",
    "url": "https://webkul.uvdesk.com/en/blog/points-to-remember"
}, {
    "name": "Managing Orders",
    "url": "https://webkul.uvdesk.com/en/blog/managing-orders"
}, {
    "name": "Managing Invoices",
    "url": "https://webkul.uvdesk.com/en/blog/managing-invoices"
}, {
    "name": "Cart Conditions To Manage Shipping",
    "url": "https://webkul.uvdesk.com/en/blog/cart-conditions-to-manage-shipping"
}, {
    "name": "POS Coupons",
    "url": "https://webkul.uvdesk.com/en/blog/pos-coupons"
}, {
    "name": "Important Points",
    "url": "https://webkul.uvdesk.com/en/blog/important-points"
}, {
    "name": "Changelog",
    "url": "https://webkul.uvdesk.com/en/blog/changelog"
}, {
    "name": "Product Page Template",
    "url": "https://webkul.uvdesk.com/en/blog/product-page-template"
}, {
    "name": "Categories Synch",
    "url": "https://webkul.uvdesk.com/en/blog/categories-synch"
}, {
    "name": "Notification",
    "url": "https://webkul.uvdesk.com/en/blog/notification"
}, {
    "name": "how to extend addon support",
    "url": "https://webkul.uvdesk.com/en/blog/how-to-extend-addon-support"
}, {
    "name": "Does your Marketplace module for Opencart affect any kind of performance issue ?\n",
    "url": "https://webkul.uvdesk.com/en/blog/marketplace-module-for-opencart-affect-any-kind-of-performance-issue"
}, {
    "name": "Does your module make changes in opencart core file? \n",
    "url": "https://webkul.uvdesk.com/en/blog/changes-in-opencart-core-files"
}, {
    "name": "Is there any mobile application for Opencart?",
    "url": "https://webkul.uvdesk.com/en/blog/is-there-any-mobile-application-for-opencart"
}, {
    "name": "Can store owner add product in seller account from Opencart Admin panel ?\n",
    "url": "https://webkul.uvdesk.com/en/blog/can-store-owner-add-product-in-seller-account-from"
}, {
    "name": "Can seller add products in bulk using CSV in Opencart Marketplace\n",
    "url": "https://webkul.uvdesk.com/en/blog/can-seller-add-products-in-bulk-using-csv-in-openc"
}, {
    "name": "Can we do the customization of your modules by our own?\n",
    "url": "https://webkul.uvdesk.com/en/blog/can-we-do-the-customization-of-your-modules-by-our"
}, {
    "name": "Can same product can be sold by multiple vendors?",
    "url": "https://webkul.uvdesk.com/en/blog/can-same-product-can-be-sold-by-multiple-vendors"
}, {
    "name": "Do you support Bitcoin?",
    "url": "https://webkul.uvdesk.com/en/blog/do-you-support-bitcoin"
}, {
    "name": "How does vendor would be able to manage custom option?\n",
    "url": "https://webkul.uvdesk.com/en/blog/how-does-vendor-would-be-able-to-manage-custom-opt"
}, {
    "name": "Can I change the email address of the purchased ex",
    "url": "https://webkul.uvdesk.com/en/blog/can-i-change-the-email-address-of-the-purchased-ex"
}, {
    "name": "Do you provide module updates ?",
    "url": "https://webkul.uvdesk.com/en/blog/do-you-provide-module-updates"
}, {
    "name": "Do you offer installation services?",
    "url": "https://webkul.uvdesk.com/en/blog/do-you-offer-installation-services"
}, {
    "name": "Do you provide any technical documentation?",
    "url": "https://webkul.uvdesk.com/en/blog/do-you-provide-any-technical-documentation"
}, {
    "name": "What kind of payment methods does Opencart Marketp",
    "url": "https://webkul.uvdesk.com/en/blog/what-kind-of-payment-methods-does-opencart-marketp"
}, {
    "name": "How does the Post Sale support works?",
    "url": "https://webkul.uvdesk.com/en/blog/how-does-the-post-sale-support-works"
}, {
    "name": "How can I request for the updated Invoice?\n",
    "url": "https://webkul.uvdesk.com/en/blog/how-can-i-request-for-the-updated-invoice"
}, {
    "name": "Firebase configuration for Android Application",
    "url": "https://webkul.uvdesk.com/en/blog/firebase-configuration-for-android-application"
}, {
    "name": "WooCommerce Marketplace 3rd Party Module Support",
    "url": "https://webkul.uvdesk.com/en/blog/woocommerce-marketplace-3rd-party-module-support"
}, {
    "name": "Magento: Color Guide for changing app theme colors",
    "url": "https://webkul.uvdesk.com/en/blog/magento-color-guide-for-changing-app-theme-colors"
}, {
    "name": "Is there any mobile application for WooCommerce ?\n",
    "url": "https://webkul.uvdesk.com/en/blog/is-there-any-mobile-application-for-woocommerce"
}, {
    "name": "Can store owner add product in seller account from WooCommerce admin panel ?\n",
    "url": "https://webkul.uvdesk.com/en/blog/can-store-owner-add-product-in-seller-account"
}, {
    "name": "Does your Marketplace module for WooCommerce suffer any kind of performance issue ?\n",
    "url": "https://webkul.uvdesk.com/en/blog/does-your-marketplace-module-for-woocommerce-suffer"
}, {
    "name": "Does your Marketplace support all kind of themes, templates and custom themes/templates ?\n",
    "url": "https://webkul.uvdesk.com/en/blog/does-your-marketplace-support-all-kind-of-themes"
}, {
    "name": "Does your module make changes in WooCommerce core files ? \n",
    "url": "https://webkul.uvdesk.com/en/blog/does-your-module-make-changes-in-woocommerce-core"
}, {
    "name": "Do you support Bitcoin in your Marketplace ?",
    "url": "https://webkul.uvdesk.com/en/blog/do-you-support-bitcoin-in-your-marketplace"
}, {
    "name": "Can seller add products in bulk in WooCommerce Marketplace ?\n",
    "url": "https://webkul.uvdesk.com/en/blog/can-seller-add-products-in-bulk-in-woocommerce"
}, {
    "name": "Can we do the customization of your modules by our own ?\n",
    "url": "https://webkul.uvdesk.com/en/blog/can-we-do-the-customization-of-your-modules-by-our-own"
}, {
    "name": "Can same product be sold by multiple vendors ?",
    "url": "https://webkul.uvdesk.com/en/blog/can-same-product-be-sold-by-multiple-vendors"
}, {
    "name": "How can vendor manage custom attribute in WooCommerce Marketplace ?\n",
    "url": "https://webkul.uvdesk.com/en/blog/how-can-vendor-manage-custom-attribute-in-woocommerce-marketplace"
}, {
    "name": "Can I change the e-mail address of the purchased extensions ?\n",
    "url": "https://webkul.uvdesk.com/en/blog/can-i-change-the-e-mail-address-of-the-purchased-extensions"
}, {
    "name": "Do you provide plugin updates ?",
    "url": "https://webkul.uvdesk.com/en/blog/do-you-provide-plugin-updates"
}, {
    "name": "Get license to Publish Through Your Google Play Store Account.\n",
    "url": "https://webkul.uvdesk.com/en/blog/get-license-to-publish-through-your-google-play-store-account"
}, {
    "name": "Do you offer installation services ?",
    "url": "https://webkul.uvdesk.com/en/blog/do-you-offer-installation-services-for-marketplace"
}, {
    "name": "Do you provide any technical documentation ?",
    "url": "https://webkul.uvdesk.com/en/blog/do-you-provide-any-technical-documentation-for-your-marketplace"
}, {
    "name": "For how many domain we can use the license ?",
    "url": "https://webkul.uvdesk.com/en/blog/for-how-many-domain-we-can-use-the-license"
}, {
    "name": "Problem in Installing iOS application",
    "url": "https://webkul.uvdesk.com/en/blog/problem-in-installing-ios-application"
}, {
    "name": "How to get a configuration file for implementing the google services in your App\n",
    "url": "https://webkul.uvdesk.com/en/blog/how-to-get-a-configuration-file-for-implementing-the-google-services-in-your-app"
}, {
    "name": "Does Magento2 Multivendor extension support latest ?\n",
    "url": "https://webkul.uvdesk.com/en/blog/does-magento2-multivendor-extension-support-latest"
}, {
    "name": "Is Magento2 Multivendor extension is stable ?",
    "url": "https://webkul.uvdesk.com/en/blog/is-magento2-multivendor-extension-is-stable"
}, {
    "name": "How payment split will work among vendor and store ?\n",
    "url": "https://webkul.uvdesk.com/en/blog/how-payment-split-will-work-among-vendor-and-store"
}, {
    "name": "How can vendor manage to ship in Magento2 Multi-vendor Marketplace ?\n",
    "url": "https://webkul.uvdesk.com/en/blog/how-can-vendor-manage-to-ship-in-magento2-multi-ve"
}, {
    "name": "How will vendor manage refund and return in the Magento2 Marketplace  ?\n",
    "url": "https://webkul.uvdesk.com/en/blog/how-will-vendor-manage-refund-and-return-in-the-ma"
}, {
    "name": "Will Mobikul App Builder work with Marketplace ?",
    "url": "https://webkul.uvdesk.com/en/blog/will-mobikul-app-builder-work-with-marketplace"
}, {
    "name": "What are the benefits of the push notifications to the Admin ?\n",
    "url": "https://webkul.uvdesk.com/en/blog/what-are-the-benefits-of-the-push-notifications-to-the-admin"
}, {
    "name": "How to send push notifications to your Mobile App users from the Opencart admin panel ?\n",
    "url": "https://webkul.uvdesk.com/en/blog/how-to-send-push-notifications-to-your-mobile-app-users-from-the-opencart-admin-panel"
}, {
    "name": "Mobikul Admin Panel: How to add Category image and category banners\n",
    "url": "https://webkul.uvdesk.com/en/blog/mobikul-admin-panel-how-to-add-category-image-and-category-banners"
}, {
    "name": "Customer rate a Seller in Multivendor App",
    "url": "https://webkul.uvdesk.com/en/blog/customer-rate-a-seller-in-multivendor-app"
}, {
    "name": "Magento adding banner on the opening page",
    "url": "https://webkul.uvdesk.com/en/blog/magento-adding-banner-on-the-opening-page"
}, {
    "name": "Which language is used to build Mobikul Application?\n",
    "url": "https://webkul.uvdesk.com/en/blog/which-language-is-used-to-build-mobikul-application"
}, {
    "name": "Do you provide application source code for the Mobile App ?\n",
    "url": "https://webkul.uvdesk.com/en/blog/do-you-provide-application-source-code-for-the-mobile-app"
}, {
    "name": "Does Mobikul mobile application work on Tablets & PDAs ?\n",
    "url": "https://webkul.uvdesk.com/en/blog/does-mobikul-mobile-application-work-on-tablets-pdas"
}, {
    "name": "For how many domains can we use single Mobikul mobile application?\n",
    "url": "https://webkul.uvdesk.com/en/blog/for-how-many-domains-can-we-use-single-mobikul-mobile-application"
}, {
    "name": "Does Mobikul mobile application supports any payment gateway?\n",
    "url": "https://webkul.uvdesk.com/en/blog/does-mobikul-mobile-application-supports-any-payment-gateway"
}, {
    "name": "Does Mobikul supports Magento2 platform?",
    "url": "https://webkul.uvdesk.com/en/blog/does-mobikul-supports-magento2-platform"
}, {
    "name": "Post-Order procedure for Mobikul App",
    "url": "https://webkul.uvdesk.com/en/blog/post-order-procedure-for-mobikul-app"
}, {
    "name": "How can we see the demo of Mobikul application?",
    "url": "https://webkul.uvdesk.com/en/blog/how-can-we-see-the-demo-of-mobikul-application"
}, {
    "name": "Does Opencart application support 1.x.x.x?",
    "url": "https://webkul.uvdesk.com/en/blog/does-opencart-application-support-1xxx"
}, {
    "name": "Does the Mobikul application supports RTL/Arabic languages?\n",
    "url": "https://webkul.uvdesk.com/en/blog/does-the-mobikul-application-supports-rtlarabic-languages"
}, {
    "name": "In how many days you will deliver the mobile app ?",
    "url": "https://webkul.uvdesk.com/en/blog/in-how-many-days-you-will-deliver-the-mobile-app"
}, {
    "name": "What is difference between Mobikul and Mobikul Marketplace?\n",
    "url": "https://webkul.uvdesk.com/en/blog/what-is-difference-between-mobikul-and-mobikul-marketplace"
}, {
    "name": "Does Mobikul have social login?",
    "url": "https://webkul.uvdesk.com/en/blog/does-mobikul-have-social-login"
}, {
    "name": "Does Mobikul supports Multiple languages?",
    "url": "https://webkul.uvdesk.com/en/blog/does-mobikul-supports-multiple-languages"
}, {
    "name": "Do you provide customization services?",
    "url": "https://webkul.uvdesk.com/en/blog/do-you-provide-customization-services"
}, {
    "name": "Which product type is supported by by Mobikul application?",
    "url": "https://webkul.uvdesk.com/en/blog/which-product-type-is-supported-by-by-mobikul-application"
}, {
    "name": "Does this application follow Magento default checkout?",
    "url": "https://webkul.uvdesk.com/en/blog/does-this-application-follow-magento-default-checkout"
}, {
    "name": "Does it supports any shipping method?",
    "url": "https://webkul.uvdesk.com/en/blog/does-it-supports-any-shipping-method"
}, {
    "name": "Do you provide future updates?",
    "url": "https://webkul.uvdesk.com/en/blog/do-you-provide-future-updates"
}, {
    "name": "If I buy the app with source code option, does it includes the source code for both iOS and Android?",
    "url": "https://webkul.uvdesk.com/en/blog/if-i-buy-the-app-with-source-code-option-does-it-includes-the-source-code-for-both-ios-and-android"
}, {
    "name": "Are there any admin functionality in the Mobikul Application?",
    "url": "https://webkul.uvdesk.com/en/blog/are-there-any-admin-functionality-in-the-mobikul-application"
}, {
    "name": "I am already running Opencart/Magento store. Will your Mobikul application will work with it ?",
    "url": "https://webkul.uvdesk.com/en/blog/i-am-already-running-opencartmagento-store-will-your-mobikul-application-will-work-with-it"
}, {
    "name": "What will be the performance of Mobikul application?",
    "url": "https://webkul.uvdesk.com/en/blog/what-will-be-the-performance-of-mobikul-application"
}, {
    "name": "Do you provide update with the source code ?",
    "url": "https://webkul.uvdesk.com/en/blog/do-you-provide-update-with-the-source-code"
}, {
    "name": "Does mobikul support 3rd party plugins ?",
    "url": "https://webkul.uvdesk.com/en/blog/does-mobikul-support-3rd-party-plugins"
}, {
    "name": "Can we make B2B and B2C mobile app?",
    "url": "https://webkul.uvdesk.com/en/blog/can-we-make-b2b-and-b2c-mobile-app"
}, {
    "name": "How data synchronization will work? Is it real time or not ?",
    "url": "https://webkul.uvdesk.com/en/blog/how-data-synchronization-will-work-is-it-real-time-or-not"
}, {
    "name": "Can we create a grocery based e-commerce mobile app with Mobikul?",
    "url": "https://webkul.uvdesk.com/en/blog/can-we-create-a-grocery-based-e-commerce-mobile-app-with-mobikul"
}, {
    "name": "How to get the client_id and secret while paypal integration",
    "url": "https://webkul.uvdesk.com/en/blog/how-to-get-the-client-id-and-secret-while-paypal-integration"
}, {
    "name": "Is the Mobikul application native or hybrid or web-based?",
    "url": "https://webkul.uvdesk.com/en/blog/is-the-mobikul-application-native-or-hybrid-or-web-based"
}, {
    "name": "Does the price of Mobikul includes both ios and android Application?",
    "url": "https://webkul.uvdesk.com/en/blog/does-the-price-of-mobikul-includes-both-ios-and-android-application"
}, {
    "name": "Does your iOS app works fine with iPad as well ?",
    "url": "https://webkul.uvdesk.com/en/blog/does-your-ios-app-works-fine-with-ipad-as-well"
}, {
    "name": "Does the iOS app affect battery life or performance issue?",
    "url": "https://webkul.uvdesk.com/en/blog/does-the-ios-app-affect-battery-life-or-performance-issue"
}, {
    "name": "Which API is used to connect application with store?",
    "url": "https://webkul.uvdesk.com/en/blog/which-api-is-used-to-connect-application-with-store"
}, {
    "name": "Does the Magento Mobikul Source code includes the code of API?",
    "url": "https://webkul.uvdesk.com/en/blog/does-the-magento-mobikul-source-code-includes-the-code-of-api"
}, {
    "name": "For how many domain we can use the Mobikul mobile application ?",
    "url": "https://webkul.uvdesk.com/en/blog/for-how-many-domain-we-can-use-the-mobikul-mobile-application"
}, {
    "name": "Shopify Multivendor Custom Seller Profile Page",
    "url": "https://webkul.uvdesk.com/en/blog/shopify-multivendor-custom-seller-profile-page"
}, {
    "name": "Shopify Event Offer & News Slider app",
    "url": "https://webkul.uvdesk.com/en/blog/how-to-configure-shopify-event-offer-news-slider-app"
}, {
    "name": "Shopify Birthday Reminder App",
    "url": "https://webkul.uvdesk.com/en/blog/how-to-assign-coupons-in-shopify-birthday-reminder-app"
}, {
    "name": "Shopify Product Auction | How to paste codes in liquid files\n",
    "url": "https://webkul.uvdesk.com/en/blog/shopify-product-auction-how-to-paste-codes-in-liquid-files"
}, {
    "name": "Shopify Multivendor Marketplace Global Product\n",
    "url": "https://webkul.uvdesk.com/en/blog/shopify-multivendor-marketplace-global-product"
}, {
    "name": "Shopify Zipcode Validator Shipping Feature\n",
    "url": "https://webkul.uvdesk.com/en/blog/shopify-zipcode-validator-shipping-feature"
}, {
    "name": "Shopify Product Dreamlist\n",
    "url": "https://webkul.uvdesk.com/en/blog/shopify-product-dreamlist"
}, {
    "name": "How to create Magento2 B2B Marketplace\n",
    "url": "https://webkul.uvdesk.com/en/blog/how-to-create-magento2-b2b-marketplace"
}, {
    "name": "Does your Magento POS  System works offline ?\n",
    "url": "https://webkul.uvdesk.com/en/blog/does-your-magento-pos-system-works-offline"
}, {
    "name": "How does the offline order sync works in POS System ?\n",
    "url": "https://webkul.uvdesk.com/en/blog/how-does-the-offline-order-sync-works-in-pos-system"
}, {
    "name": "How does the online and offline stock manage ?\n",
    "url": "https://webkul.uvdesk.com/en/blog/how-does-the-online-and-offline-stock-manage"
}, {
    "name": "Does your Opencart POS System works offline ?\n",
    "url": "https://webkul.uvdesk.com/en/blog/does-your-opencart-pos-system-works-offline"
}, {
    "name": "How does the offline order sync works in POS System for Opencart ?\n",
    "url": "https://webkul.uvdesk.com/en/blog/how-does-the-offline-order-sync-works-in-pos-system-for-opencart"
}, {
    "name": "How does the online and offline stock manage in POS ?\n",
    "url": "https://webkul.uvdesk.com/en/blog/how-does-the-online-and-offline-stock-manage-in-pos"
}, {
    "name": "Opencart POS System is responsive or not ?\n",
    "url": "https://webkul.uvdesk.com/en/blog/opencart-pos-system-is-responsive-or-not"
}, {
    "name": "How does session works in Point of sale system for Opencart ?",
    "url": "https://webkul.uvdesk.com/en/blog/how-does-session-works-in-point-of-sale-system-for-opencart"
}, {
    "name": "What about the product attributes during product selection for POS ?\n",
    "url": "https://webkul.uvdesk.com/en/blog/what-about-the-product-attributes-during-product-selection-for-pos"
}, {
    "name": "How to generate payment receipt in the POS ?\n",
    "url": "https://webkul.uvdesk.com/en/blog/how-to-generate-payment-receipt-in-the-pos"
}, {
    "name": "How to register cash in POS system for Opencart?\n",
    "url": "https://webkul.uvdesk.com/en/blog/how-to-register-cash-in-pos-system-for-opencart"
}, {
    "name": "Do you have any mobile app for Magento2 ?\n",
    "url": "https://webkul.uvdesk.com/en/blog/do-you-have-any-mobile-app-for-magento2"
}, {
    "name": "Magento2 Marketplace 3rd Party Module Support\n",
    "url": "https://webkul.uvdesk.com/en/blog/magento2-marketplace-3rd-party-module-support"
}, {
    "name": "Can store owner add product in seller account from Magento2 admin panel ?\n",
    "url": "https://webkul.uvdesk.com/en/blog/can-store-owner-add-product-in-seller-account-from-magento2-admin-panel"
}, {
    "name": "Does your Marketplace module for Magento2 affect any kind of performance issue ?\n",
    "url": "https://webkul.uvdesk.com/en/blog/does-your-marketplace-module-for-magento2-affect-any-kind-of-performance-issue"
}, {
    "name": "Does your Magento2 Marketplace support all kind of theme, template, custom theme/template ?\n",
    "url": "https://webkul.uvdesk.com/en/blog/does-your-magento2-marketplace-support-all-kind-of-theme-template-custom-themetemplate"
}, {
    "name": "Can seller add products in bulk in Magento2 Marketplace?\n",
    "url": "https://webkul.uvdesk.com/en/blog/can-seller-add-products-in-bulk-in-magento2-marketplace"
}, {
    "name": "How does vendor would be able to manage custom attribute in Magento2 Marketplace ?\n",
    "url": "https://webkul.uvdesk.com/en/blog/how-does-vendor-would-be-able-to-manage-custom-attribute-in-magento2-marketplace"
}, {
    "name": "Do you have any mobile app for Magento2 Marketplace Multi Vendor extension\n",
    "url": "https://webkul.uvdesk.com/en/blog/do-you-have-any-mobile-app-for-magento2-marketplace-multi-vendor-extension"
}, {
    "name": "Can we create a website like etsy.com using Magento2 marketplace ad-dons\n",
    "url": "https://webkul.uvdesk.com/en/blog/can-we-create-a-website-like-etsycom-using-magento2-marketplace-ad-dons"
}, {
    "name": "Can we create a website like Alibaba.com using Magento2 Marketplace addons\n",
    "url": "https://webkul.uvdesk.com/en/blog/can-we-create-a-website-like-alibabacom-using-magento2-marketplace-addons"
}, {
    "name": "Can we create a website like Flipkart.com using Magento2 Marketplace Addons\n",
    "url": "https://webkul.uvdesk.com/en/blog/can-we-create-a-website-like-flipkartcom-using-magento2-marketplace-addons"
}, {
    "name": "Can we create a website like Amazon.com using Magento2 Marketplace Addons\n",
    "url": "https://webkul.uvdesk.com/en/blog/can-we-create-a-website-like-amazoncom-using-magento2-marketplace-addons"
}, {
    "name": "How does the seller will know that product stock is low\n",
    "url": "https://webkul.uvdesk.com/en/blog/how-does-the-seller-will-know-that-product-stock-is-low"
}, {
    "name": "How does automatic SKU generation works\n",
    "url": "https://webkul.uvdesk.com/en/blog/how-does-automatic-sku-generation-works"
}, {
    "name": "Can we create a B2B marketplace site like Alibaba using Magento2 multi seller plugin\n",
    "url": "https://webkul.uvdesk.com/en/blog/can-we-create-a-b2b-marketplace-site-like-alibaba-using-magento2-multi-seller-plugin"
}, {
    "name": "How does the seller will be able to create auction like eBay\n",
    "url": "https://webkul.uvdesk.com/en/blog/how-does-the-seller-will-be-able-to-create-auction-like-ebay"
}, {
    "name": "How to register the mobile no. for login in the Mobikul App?\n",
    "url": "https://webkul.uvdesk.com/en/blog/how-to-register-the-mobile-no-for-login-in-the-mobikul-app"
}, {
    "name": "Shopify Multivendor Marketplace Commission Type\n",
    "url": "https://webkul.uvdesk.com/en/blog/shopify-multivendor-marketplace-commission-type"
}, {
    "name": "What will you do after purchasing the Mobikul Mobile App?\n",
    "url": "https://webkul.uvdesk.com/en/blog/what-will-you-do-after-purchasing-the-mobikul-mobile-app"
}, {
    "name": "Email change policy\n",
    "url": "https://webkul.uvdesk.com/en/blog/email-change-policy"
}, {
    "name": "Difference between stripe connect standard and stripe connect custom account\n",
    "url": "https://webkul.uvdesk.com/en/blog/stripe-standalone-vs-stripe-managed"
}, {
    "name": "What is the updated policy of iTune Store to publish the App?\n",
    "url": "https://webkul.uvdesk.com/en/blog/apple-updated-policy-itune-store-publish-app"
}, {
    "name": "Filezilla tips\n",
    "url": "https://webkul.uvdesk.com/en/blog/filezilla-tips"
}, {
    "name": "Wordpress WooCommerce Salesforce Connector\n",
    "url": "https://webkul.uvdesk.com/en/blog/eshopsync-for-woocommerce"
}, {
    "name": "Shopify Salesforce Connector\n",
    "url": "https://webkul.uvdesk.com/en/blog/shopify-salesforce-connector"
}, {
    "name": "Magento Salesforce Connector\n",
    "url": "https://webkul.uvdesk.com/en/blog/magento-salesforce-connector"
}, {
    "name": "Prestashop Salesforce Connector\n",
    "url": "https://webkul.uvdesk.com/en/blog/prestashop-salesforce-connector"
}, {
    "name": "Salesforce Connector For Magento2\n",
    "url": "https://webkul.uvdesk.com/en/blog/salesforce-connector-for-magento2"
}, {
    "name": "\u00a0Payment Options for Prestashop PreOrder Module.\n",
    "url": "https://webkul.uvdesk.com/en/blog/prestashop-preorder"
}, {
    "name": "Prestashop PreOrder - Full Payment Functionality\n",
    "url": "https://webkul.uvdesk.com/en/blog/prestashop-preorder-full-payment"
}, {
    "name": " Prestashop PreOrder - Partial Payment Functionality\n",
    "url": "https://webkul.uvdesk.com/en/blog/prestashop-preorder-partial-payment"
}, {
    "name": " Prestashop PreOrder - Dynamic Payment Functionality\n",
    "url": "https://webkul.uvdesk.com/en/blog/prestashop-preorder-dynamic-payment"
}, {
    "name": "In Prestashop PreOrder - How will Customer Get the Prebooked product when it is available in stock ?\n",
    "url": "https://webkul.uvdesk.com/en/blog/prestashop-preorder-complete"
}, {
    "name": "Voucher Application for Prestashop PreOrder\n",
    "url": "https://webkul.uvdesk.com/en/blog/prestashop-preorder-voucher-application"
}, {
    "name": "Magento 2 Multi Vendor - One product multiple suppliers\n",
    "url": "https://webkul.uvdesk.com/en/blog/magento-2-multi-vendor-one-product-multiple-suppliers"
}, {
    "name": "WedgeCommerce \u2013 A Bliss To Build eCommerce on Salesforce\n",
    "url": "https://webkul.uvdesk.com/en/blog/wedgecommerce"
}, {
    "name": "Plans & Pricing For WooCommerce Salesforce Connector\n",
    "url": "https://webkul.uvdesk.com/en/blog/woocommerce-salesforce-connector"
}, {
    "name": "How To Manage Product Catalog In WedgeCommerce\n",
    "url": "https://webkul.uvdesk.com/en/blog/manage-product-catalog"
}, {
    "name": "WedgeCommerce Front End Appearance\n",
    "url": "https://webkul.uvdesk.com/en/blog/wedgecommerce-front-end-appearance"
}, {
    "name": "Template Configuration In WedgeCommerce\n",
    "url": "https://webkul.uvdesk.com/en/blog/template-configuration-wedgecommerce"
}, {
    "name": "How to Enable Or Disable State and Country Picklists\n",
    "url": "https://webkul.uvdesk.com/en/blog/enable-disable-state-country-picklist"
}, {
    "name": "Shipping Management in Prestashop Advanced Marketplace\n",
    "url": "https://webkul.uvdesk.com/en/blog/prestashop-marketplace-shipping-management"
}, {
    "name": "Payment Flow in Prestashop Advanced Marketplace \n",
    "url": "https://webkul.uvdesk.com/en/blog/payment-in-prestashop-marketplace"
}, {
    "name": "Commission Management in Prestashop Advanced Marketplace\n",
    "url": "https://webkul.uvdesk.com/en/blog/commission-management-in-prestashop-marketplace"
}, {
    "name": "Mass Delete In Lightning Component\n",
    "url": "https://webkul.uvdesk.com/en/blog/massdelete-lightning-component"
}, {
    "name": "Does Vendor/Seller can create salesman/sub-account in Magento 2 Marketplace?\n",
    "url": "https://webkul.uvdesk.com/en/blog/magento2-vendor-subaccounts"
}, {
    "name": "Does Opencart Point of Sale (POS) support barcode scanning?\n",
    "url": "https://webkul.uvdesk.com/en/blog/opencart-pos-barcode"
}, {
    "name": "Does Magento Point of sale (POS) support barcode scan?\n",
    "url": "https://webkul.uvdesk.com/en/blog/magento-point-sale-pos-support-barcode-scan"
}, {
    "name": "How to set vendor/seller signup in a different page in Magento 2 Marketplace?\n",
    "url": "https://webkul.uvdesk.com/en/blog/magento2-seller-registration-page"
}, {
    "name": "How to add FTP, SSH, Server details in the ticket?\n",
    "url": "https://webkul.uvdesk.com/en/blog/add-ftp-details"
}, {
    "name": "Do you have something like Oberlo for OpenCart?\n",
    "url": "https://webkul.uvdesk.com/en/blog/aliexpress-dropship-automation-opencart"
}, {
    "name": "Do you have something like Oberlo for Magento / Magento 2?\n",
    "url": "https://webkul.uvdesk.com/en/blog/aliexpress-dropship-automation-magento2"
}, {
    "name": "Is there any way to manage bulk number of products on multiple platforms?\n",
    "url": "https://webkul.uvdesk.com/en/blog/manage-bulk-products-multiple-platforms"
}, {
    "name": "Can I allow my customers to customize a product such as t-shirt, coffee mug?\n",
    "url": "https://webkul.uvdesk.com/en/blog/customize-product-extension"
}, {
    "name": "Can a third party extension be integrated with mobile app?\n",
    "url": "https://webkul.uvdesk.com/en/blog/third-party-extension-integrated-mobile-app"
}, {
    "name": "When I extracted Magento 2 module zip, I found 2-3 folders (2.0.x, 2.1.x, 2.2.x) in it, what to do ?\n",
    "url": "https://webkul.uvdesk.com/en/blog/magento2-module-zip"
}, {
    "name": "Can the Font of the Mobile Application be changed?\n",
    "url": "https://webkul.uvdesk.com/en/blog/can-the-font-of-the-mobile-application-be-changed"
}, {
    "name": "Can a customer use a gift card for multiple purchases in Magento Gift Card?\n",
    "url": "https://webkul.uvdesk.com/en/blog/magento-gift-card-multiple-purchases"
}, {
    "name": "Can Admin do booking on behalf of customer in Magento 2 Booking and Reservation System?\n",
    "url": "https://webkul.uvdesk.com/en/blog/magento-2-booking-and-reservation-system"
}, {
    "name": "How to transfer wallet amount to another customer's wallet in WordPress WooCommerce Wallet System?\n",
    "url": "https://webkul.uvdesk.com/en/blog/wordpress-woocommerce-wallet-system"
}, {
    "name": "If a product lies under several categories with commission rate assigned to each category, then what commission rate will apply on the product in Magento 2 Marketplace Advance Commission?\n",
    "url": "https://webkul.uvdesk.com/en/blog/magento-2-marketplace-advance-commission"
}, {
    "name": "How to make a Mass Payout in Magento 2 Marketplace?\n",
    "url": "https://webkul.uvdesk.com/en/blog/mass-payout-magento2-marketplace-sellers"
}, {
    "name": "Can admin upload shipping table rates on behalf of seller from admin panel in Magento 2 Marketplace Table Rate Shipping Module?\n",
    "url": "https://webkul.uvdesk.com/en/blog/table-rate-shipping-magento2-marketplace"
}, {
    "name": "Does Magento Stripe extension allow bitcoin wallet payments?\n",
    "url": "https://webkul.uvdesk.com/en/blog/magento-stripe-extension-allow-bitcoin-wallet-payments"
}, {
    "name": "Can customer generate a request to return products from different sellers ordered in a single order in WooCommerce Marketplace Product RMA?\n",
    "url": "https://webkul.uvdesk.com/en/blog/return-request-rma-single-seller"
}, {
    "name": "Can seller use the RMA reasons created by the admin for his products or vice-versa in WooCommerce Marketplace Product RMA?\n",
    "url": "https://webkul.uvdesk.com/en/blog/admin-rma-reasons"
}, {
    "name": "How can the admin make a Mass Payout in Opencart Marketplace?\n",
    "url": "https://webkul.uvdesk.com/en/blog/can-admin-make-mass-payout-opencart-marketplace"
}, {
    "name": "How can admin assign infinite inventory to a product in WordPress WooCommerce POS?\n",
    "url": "https://webkul.uvdesk.com/en/blog/wordpress-woocommerce-pos-3"
}, {
    "name": "How many users can be assigned to an outlet in WordPress WooCommerce POS?\n",
    "url": "https://webkul.uvdesk.com/en/blog/wordpress-woocommerce-pos"
}, {
    "name": "Does the Woocommerce application, works for Multi-currency and Multi-language?\n",
    "url": "https://webkul.uvdesk.com/en/blog/woocommerce-app-multi-currency-language-supports"
}, {
    "name": "Is there any module for allowing a seller to manage inventory for multiple stores?\n",
    "url": "https://webkul.uvdesk.com/en/blog/vendor-multiple-stores-inventory"
}, {
    "name": "What is the difference between upload CSV and run profile in WooCommerce Marketplace Mass Upload Module?\n",
    "url": "https://webkul.uvdesk.com/en/blog/woocommerce-marketplace-mass-upload"
}, {
    "name": "Can admin run a profile for a seller from his panel in WooCommerce Marketplace Mass Upload Module?\n",
    "url": "https://webkul.uvdesk.com/en/blog/woocommerce-marketplace-mass-upload-run-profile"
}, {
    "name": "When customer places an order, will the vendor get an email with order details or not?\n",
    "url": "https://webkul.uvdesk.com/en/blog/customer-places-order-will-vendor-get-email-order-details"
}, {
    "name": "Can admin modify the product details after submitting Quotation in OpenCart Purchase Order Management?\n",
    "url": "https://webkul.uvdesk.com/en/blog/opencart-purchase-order-management"
}, {
    "name": "How can I create a hotel website like Expedia, AirBnB, Yatra?\n",
    "url": "https://webkul.uvdesk.com/en/blog/hotel-website-expedia-airbnb-yatra"
}, {
    "name": "How a vendor can add his own shipping rule in Magento 2 Marketplace?\n",
    "url": "https://webkul.uvdesk.com/en/blog/magento2-marketplace-table-rate-shipping"
}, {
    "name": "At the time of purchase, where do we enter GSTIN? \n",
    "url": "https://webkul.uvdesk.com/en/blog/time-of-purchase-enter-gstin"
}, {
    "name": "How the customer can add quoted products to the cart with the quoted price after the approval from the seller in WooCommerce Marketplace Quote System?\n",
    "url": "https://webkul.uvdesk.com/en/blog/woocommerce-marketplace-quote-system"
}, {
    "name": "Can admin edit the quote placed by buyer in Magento 2 Quote System Marketplace?\n",
    "url": "https://webkul.uvdesk.com/en/blog/magento2-quote-system-marketplace"
}, {
    "name": "What is the difference between parallel and chained payment methods in WooCommerce Marketplace PayPal Adaptive Payment Module?\n",
    "url": "https://webkul.uvdesk.com/en/blog/woocommerce-marketplace-paypal-adaptive-payment"
}, {
    "name": "Can admin add Custom Registration Fields for Customers in Magento Custom Registration Fields?\n",
    "url": "https://webkul.uvdesk.com/en/blog/magento-custom-registration-fields"
}, {
    "name": "How to show \"Other Sellers on Amazon\" like section in Magento 2 Marketplace?\n",
    "url": "https://webkul.uvdesk.com/en/blog/magento2-show-other-sellers-amazon"
}, {
    "name": "How to show \"Other Sellers on Amazon\" like section in OpenCart Marketplace?\n",
    "url": "https://webkul.uvdesk.com/en/blog/opencart-marketplace-show-other-sellers-amazon"
}, {
    "name": "How can we Change the email id from where the Purchase orders are send in Magento?\n",
    "url": "https://webkul.uvdesk.com/en/blog/change-emailid-purchase-orders-send-magento"
}, {
    "name": "How can customers ask questions from a product page?\n",
    "url": "https://webkul.uvdesk.com/en/blog/magento2-marketplace-question-answer"
}, {
    "name": "How to show customer questions & answers section on product page?\n",
    "url": "https://webkul.uvdesk.com/en/blog/opencart-customer-questions-answers-product-page"
}, {
    "name": "How the multiple reward system works in WooCommerce Marketplace Reward System?\n",
    "url": "https://webkul.uvdesk.com/en/blog/woocommerce-marketplace-reward-system"
}, {
    "name": "Can admin add new customers in Magento Custom Registration Field?\n",
    "url": "https://webkul.uvdesk.com/en/blog/magento-custom-registration-field"
}, {
    "name": "How the seller can enable a coupon to be applied on the entire products in WooCommerce Marketplace Seller Coupons Module?\n",
    "url": "https://webkul.uvdesk.com/en/blog/woocommerce-marketplace-seller-coupons"
}, {
    "name": "Can a customer add a new product to cart despite having a pre Order product added in cart in WordPress WooCommerce Pre Order\n",
    "url": "https://webkul.uvdesk.com/en/blog/wordpress-woocommerce-pre-order"
}, {
    "name": "What can be my application for a given platform? \n",
    "url": "https://webkul.uvdesk.com/en/blog/application-for-a-given-platform"
}, {
    "name": "Can a user subscribe for in stock notification for configurable product in Out of Stock Notification for Magento2?\n",
    "url": "https://webkul.uvdesk.com/en/blog/out-of-stock-notification-for-magento2"
}, {
    "name": "Is there any module that allows the admin to \"Login as Customer or Vendor\"?\n",
    "url": "https://webkul.uvdesk.com/en/blog/admin-login-as-customer-seller-extension"
}, {
    "name": "How can I create an online rental marketplace for property listings?\n",
    "url": "https://webkul.uvdesk.com/en/blog/rental-marketplace-property-listings"
}, {
    "name": "Is the buyer provided with a shipping label while requesting for a return of product in Magento 2 Product Return RMA?\n",
    "url": "https://webkul.uvdesk.com/en/blog/magento-2-product-return-rma"
}, {
    "name": "Which payment methods can I use with the WooCommerce Split Order Plugin?\n",
    "url": "https://webkul.uvdesk.com/en/blog/woocommerce-marketplace-split-order-payment-methods"
}, {
    "name": "Can admin generate RMA on behalf of customer in OpenCart Marketplace RMA?\n",
    "url": "https://webkul.uvdesk.com/en/blog/opencart-marketplace-rma"
}, {
    "name": "Can admin generate a new shipping label for a customer requesting an RMA for a product exchange in WooCommerce Product RMA?\n",
    "url": "https://webkul.uvdesk.com/en/blog/woocommerce-product-rma-shipping-label"
}, {
    "name": "Can a buyer place an order with 2 different products from 2 different sellers, in which one seller hasn't added any shipping method in WooCommerce Marketplace Table Rate Shipping Module?\n",
    "url": "https://webkul.uvdesk.com/en/blog/woocommerce-marketplace-table-rate-shipping"
}, {
    "name": "Are mobile application themes and website themes same or different?\n",
    "url": "https://webkul.uvdesk.com/en/blog/mobile-application-themes-and-website-themes-same-or-different"
}, {
    "name": "Can admin mass upload products on behalf of seller in Magento 2 Mass Upload Marketplace?\n",
    "url": "https://webkul.uvdesk.com/en/blog/magento2-mass-upload-marketplace"
}, {
    "name": "Can admin add custom options in WordPress WooCommerce Event Manager?\n",
    "url": "https://webkul.uvdesk.com/en/blog/wordpress-woocommerce-event-manager"
}, {
    "name": "How can you maintain Physical and Online store inventory separately?\n",
    "url": "https://webkul.uvdesk.com/en/blog/maintain-physical-and-online-store-inventory-separately"
}, {
    "name": "How many type of products a seller can create in WooCommerce Multi Vendor Marketplace?\n",
    "url": "https://webkul.uvdesk.com/en/blog/woocommerce-multi-vendor-marketplace-product-type"
}, {
    "name": "Does WooCommerce Multi Vendor Marketplace plugin works with every WooCommerce theme?\n",
    "url": "https://webkul.uvdesk.com/en/blog/woocommerce-multi-vendor-marketplace"
}, {
    "name": "How to hide \"SOLD BY\" seller information from product pages?\n",
    "url": "https://webkul.uvdesk.com/en/blog/magento2-hide-buyer-seller-information"
}, {
    "name": "Can the OpenCart Marketplace vendor have separate shop URl? \n",
    "url": "https://webkul.uvdesk.com/en/blog/opencart-marketplace-vendor-have-separate-shop-url"
}, {
    "name": "Which OpenCart marketplace notification types are received by the Admin and Vendors?\n",
    "url": "https://webkul.uvdesk.com/en/blog/opencart-marketplace-notification-types-admin-sellers"
}, {
    "name": "How to build an Online Grocery Shopping website like Instacart, Grofers, BigBasket?\n",
    "url": "https://webkul.uvdesk.com/en/blog/magento2-online-grocery-shopping"
}, {
    "name": "Can admin apply cashback to the cart as well as the product in WooCommerce Wallet System?\n",
    "url": "https://webkul.uvdesk.com/en/blog/woocommerce-wallet-system"
}, {
    "name": "Can seller assign a different stock quantity to different variations of a variable product in WooCommerce Marketplace?\n",
    "url": "https://webkul.uvdesk.com/en/blog/woocommerce-marketplace"
}, {
    "name": "Which language is used to develop iOS application?\n",
    "url": "https://webkul.uvdesk.com/en/blog/language-is-used-to-develop-ios-application"
}, {
    "name": "In how many ways admin can apply commission in Magento2 Advanced Commission Marketplace?\n",
    "url": "https://webkul.uvdesk.com/en/blog/magento2-advanced-commission-marketplace"
}, {
    "name": "How the Reward Points will be credited to customer's account if product in cart belongs to multiple categories in Magento 2 Reward Points?\n",
    "url": "https://webkul.uvdesk.com/en/blog/magento2-reward-points"
}, {
    "name": "Can we remove the \u2018Buy Now\u2019 Button for the product for which the auction is enabled?\n",
    "url": "https://webkul.uvdesk.com/en/blog/we-remove-the-buy-now-button-product-auction-is-enabled"
}, {
    "name": "If a product lies under several categories then which category commission will get applied on the product in WooCommerce Marketplace Advance Commission Module?\n",
    "url": "https://webkul.uvdesk.com/en/blog/woocommerce-marketplace-advance-commission"
}, {
    "name": "Can admin import products on the basis of time-frame in WooCommerce eBay Connector?\n",
    "url": "https://webkul.uvdesk.com/en/blog/woocommerce-ebay-connector"
}, {
    "name": "How can I display Featured/Sponsored Products in OpenCart Marketplace?\n",
    "url": "https://webkul.uvdesk.com/en/blog/opencart-featured-sponsored-products"
}, {
    "name": "How the vendors can restrict customers to add only single seller\u2019s product in cart?\n",
    "url": "https://webkul.uvdesk.com/en/blog/vendor-restrict-customer-add-single-sellers-product-cart"
}, {
    "name": "How a customer can earn the reward points in Magento2 Reward Points?\n",
    "url": "https://webkul.uvdesk.com/en/blog/how-customer-earns-reward-points-magento2"
}, {
    "name": "How can you choose the color code for your mobile application?\n",
    "url": "https://webkul.uvdesk.com/en/blog/choose-the-color-code-your-mobile-application"
}, {
    "name": "How can I improve my Magento store search results for customers?\n",
    "url": "https://webkul.uvdesk.com/en/blog/improve-magento-search-results"
}, {
    "name": "Is there any module that allows a customer to send a product query to all the vendors?\n",
    "url": "https://webkul.uvdesk.com/en/blog/magento2-marketplace-customer-send-product-query-all-vendors"
}, {
    "name": "How the orders having products from different sellers were managed in WooCommerce Multi Vendor Marketplace?\n",
    "url": "https://webkul.uvdesk.com/en/blog/woocommerce-multi-vendor-marketplace-orders"
}, {
    "name": "Can buyer request a quote for out of stock products in WooCommerce Marketplace Quote System?\n",
    "url": "https://webkul.uvdesk.com/en/blog/woocommerce-marketplace-quote-system-buyer-request"
}, {
    "name": "Can buyer search and filter the products based on country, map and location using interactive google map?\n",
    "url": "https://webkul.uvdesk.com/en/blog/buyer-search-filter-products-based-on-country-location-using-interactive-google-map"
}, {
    "name": "Can I hold/delay vendor payment until the product is shipped to customer? And release the payment after that?\n",
    "url": "https://webkul.uvdesk.com/en/blog/delay-vendor-payment-magento2"
}, {
    "name": "What are the key store credentials in the pre-requisite PDF?\n",
    "url": "https://webkul.uvdesk.com/en/blog/key-store-credentials-pre-requisite-pdf"
}, {
    "name": "Can a guest customers orders be synchronized from OpenCart to QuickBooks in OpenCart QuickBooks Connector?\n",
    "url": "https://webkul.uvdesk.com/en/blog/opencart-quickbooks-connector"
}, {
    "name": "How the admin can allocate Reward Points in Magento2 Reward Points?\n",
    "url": "https://webkul.uvdesk.com/en/blog/how-admin-can-allocate-reward-points"
}, {
    "name": "How many type of attributes admin can create in WooCommerce Multi Vendor Marketplace?\n",
    "url": "https://webkul.uvdesk.com/en/blog/woocommerce-multi-vendor-marketplace-attributes"
}, {
    "name": "Can seller have their own shop URL in WooCommerce Multi Vendor Marketplace?\n",
    "url": "https://webkul.uvdesk.com/en/blog/woocommerce-multi-vendor-marketplace-seller-shop"
}, {
    "name": "Can a vendor assign products that are only available for \"In-Store Pickup\"?\n",
    "url": "https://webkul.uvdesk.com/en/blog/magento-vendor-assign-products-store-pickup"
}, {
    "name": "How a vendor/seller add a video along with product images in Magento 2 Marketplace?\n",
    "url": "https://webkul.uvdesk.com/en/blog/seller-add-video-along-product-images-magento2-marketplace"
}, {
    "name": "How can Banners be added to the Mobikul Mobile App Builder for Odoo from Admin Panel?\n",
    "url": "https://webkul.uvdesk.com/en/blog/banners-added-mobikul-odoo-admin-panel"
}, {
    "name": "What is Dependable Field in Magento Custom Registration Fields?\n",
    "url": "https://webkul.uvdesk.com/en/blog/dependable-field-magento-custom-registration-fields"
}, {
    "name": "How to manage product tax in Magento 2 marketplace?\n",
    "url": "https://webkul.uvdesk.com/en/blog/manage-product-tax-in-magento2-marketplace"
}, {
    "name": "Does Admin have the ability to delete a store in Magento Store Pickup?\n",
    "url": "https://webkul.uvdesk.com/en/blog/magento-store-pickup"
}, {
    "name": "How to download a update from Codecanyon?\n",
    "url": "https://webkul.uvdesk.com/en/blog/download-update-codecanyon"
}, {
    "name": "Does the magento 2 marketplace allow vendor to change his shop URLs?\n",
    "url": "https://webkul.uvdesk.com/en/blog/magento2-marketplace-allow-vendor-change-shop-urls"
}, {
    "name": "What is the difference between Multi Match Query and Simple Match Query in Magento2 Elasticsearch?\n",
    "url": "https://webkul.uvdesk.com/en/blog/magento2-elastic-search"
}, {
    "name": "How Customer can Buy Mobikul Mobile App Builder for Magento 2 Enterprise Edition from Webkul Store?\n",
    "url": "https://webkul.uvdesk.com/en/blog/customer-buy-mobikul-mobile-app-builder-magento-2-enterprise-edition-webkul-store"
}, {
    "name": "Does marketplace allow hiding vendor customer Information?\n",
    "url": "https://webkul.uvdesk.com/en/blog/marketplace-allow-hiding-vendor-customer-information"
}, {
    "name": "How can we merge the Categories of Website and Mobikul in Odoo?\n",
    "url": "https://webkul.uvdesk.com/en/blog/merge-categories-website-mobikul-odoo"
}, {
    "name": "How to show only selected payment methods for a specific product?\n",
    "url": "https://webkul.uvdesk.com/en/blog/allowed-payment-methods-vendor-product"
}, {
    "name": "How can a customer earn Reward Points in Magento Marketplace?\n",
    "url": "https://webkul.uvdesk.com/en/blog/magento-vendor-reward-points"
}, {
    "name": "Can vendor can make full or a partial refund to customers within the marketplace?\n",
    "url": "https://webkul.uvdesk.com/en/blog/can-vendor-make-full-or-a-partial-refund-to-customers-within-the-marketplace"
}, {
    "name": "Does Webkul creates Custom Application for its customers?\n",
    "url": "https://webkul.uvdesk.com/en/blog/webkul-creates-custom-application-customers"
}, {
    "name": "What currencies are supported in WooCommerce Multi Vendor Marketplace?\n",
    "url": "https://webkul.uvdesk.com/en/blog/woocommerce-marketplace-multi-currency"
}, {
    "name": "Can Admin sell his products in Magento2 Marketplace iyzico Payment Gateway?\n",
    "url": "https://webkul.uvdesk.com/en/blog/magento2-marketplace-iyzico-payment-gateway"
}, {
    "name": "Can a customer or a vendor send offline chat messages to each other?\n",
    "url": "https://webkul.uvdesk.com/en/blog/magento2-offline-chat-buyer-seller"
}, {
    "name": "How buyers can select different shipping methods from different vendors within the same order?\n",
    "url": "https://webkul.uvdesk.com/en/blog/can-buyers-can-select-different-shipping-methods-different-vendors-within-order"
}, {
    "name": "Does Magento POS feature Cart On Hold Operates in Offline mode?\n",
    "url": "https://webkul.uvdesk.com/en/blog/magento-pos-feature-cart-on-hold-offline-mode"
}, {
    "name": "How to add quote to vendor products within the marketplace?\n",
    "url": "https://webkul.uvdesk.com/en/blog/add-quote-for-vendor-products-within-marketplace"
}, {
    "name": "On which Shipping Address the Returned Product goes in Opencart Marketplace RMA?\n",
    "url": "https://webkul.uvdesk.com/en/blog/shipping-address-returned-product-opencart-marketplace-rma"
}, {
    "name": "Can a vendor manage its shop Target URLs and Request URLs?\n",
    "url": "https://webkul.uvdesk.com/en/blog/magento2-vendor-target-request-urls"
}, {
    "name": "How to implement Elasticsearch within my OpenCart web store?\n",
    "url": "https://webkul.uvdesk.com/en/blog/how-to-implement-elasticsearch-in-opencart-web-store"
}, {
    "name": "Does the Cash Drawer also gets updated if POS is in Offline Mode in Magento ?\n",
    "url": "https://webkul.uvdesk.com/en/blog/cash-drawer-updated-pos-offline-mode-magento"
}, {
    "name": "Does Magento 2 Marketplace support Mercadopago for vendor split payments?\n",
    "url": "https://webkul.uvdesk.com/en/blog/does-magento2-marketplace-support-mercadopago-vendor-split-payment"
}, {
    "name": "What is the difference between regular and standard license for a product on CodeCanyon?\n",
    "url": "https://webkul.uvdesk.com/en/blog/regular-standard-license-codecanyon"
}, {
    "name": "How to renew or extend support for a product on CodeCanyon?\n",
    "url": "https://webkul.uvdesk.com/en/blog/renew-extend-product-support-codecanyon"
}, {
    "name": "Do you have any POS application that is not based on website/web-store?\n",
    "url": "https://webkul.uvdesk.com/en/blog/pos-application-not-based-websiteweb-store"
}, {
    "name": "How to add more form fields on seller registration page?\n",
    "url": "https://webkul.uvdesk.com/en/blog/magento2-seller-registration-more-fields"
}, {
    "name": "Can a marketplace seller display Slideshow Banner on its profile page?\n",
    "url": "https://webkul.uvdesk.com/en/blog/magento-seller-slideshow-banner"
}, {
    "name": "Does Magento 2 mobile app support Magento 2.2.x?\n",
    "url": "https://webkul.uvdesk.com/en/blog/magento-2-mobile-app-support-magento-2-2-x"
}, {
    "name": "Does Mobikul Marketplace System for Magento 2 support Magento 2.2.x?\n",
    "url": "https://webkul.uvdesk.com/en/blog/mobikul-marketplace-system-magento-2-support-magento-2-2-x"
}, {
    "name": "How can sellers display additional about their products?\n",
    "url": "https://webkul.uvdesk.com/en/blog/magento-vendor-additional-product-information"
}, {
    "name": "State the difference between CS-Cart Mobikul Mobile App Builder, CS-Cart Multivendor Mobikul Mobile App, and, Mobikul CS-Cart Vendor App.\n",
    "url": "https://webkul.uvdesk.com/en/blog/difference-cs-cart-mobikul-mobile-app-multivendor-vendor-app"
}, {
    "name": "Can admin disable products of vendors that are on vacation within the marketplace?\n",
    "url": "https://webkul.uvdesk.com/en/blog/can-admin-disable-products-for-vendors-on-vacation"
}, {
    "name": "How can I send payments to OpenCart sellers from admin panel using PayPal or PayU?\n",
    "url": "https://webkul.uvdesk.com/en/blog/opencart-vendor-payment-paypal-payu"
}, {
    "name": "How can the admin create sellers in Magento Marketplace?\n",
    "url": "https://webkul.uvdesk.com/en/blog/admin-create-sellers-in-magento-marketplace"
}, {
    "name": "Can we assign & track the delivery boy within the Magento 2 App?\n",
    "url": "https://webkul.uvdesk.com/en/blog/assign-track-delivery-boy-magento2-app"
}, {
    "name": "How can a registered customer become a seller in marketplace?\n",
    "url": "https://webkul.uvdesk.com/en/blog/magento2-registered-customer-become-seller"
}, {
    "name": "Can the sellers enable social media links on their profile page?\n",
    "url": "https://webkul.uvdesk.com/en/blog/sellers-enable-social-media-links-on-their-profile-page"
}, {
    "name": "Which architecture your mobile application framework follows-MVC or MVP or MVVM?\n",
    "url": "https://webkul.uvdesk.com/en/blog/architecture-application-framework-mvc-mvp-mvvm"
}, {
    "name": "Can a vendor send mass email to all its customers?\n",
    "url": "https://webkul.uvdesk.com/en/blog/magento2-vendor-send-mass-email-customers"
}, {
    "name": "How can vendors limit the product purchase quantity for customers within the marketplace?\n",
    "url": "https://webkul.uvdesk.com/en/blog/vendors-limit-product-purchase-for-customers"
}, {
    "name": "How can a customer request for quotation from all the vendors?\n",
    "url": "https://webkul.uvdesk.com/en/blog/magento2-request-quotation-all-vendors"
}, {
    "name": "How can a store owner track the visitors and their behavior on their website?\n",
    "url": "https://webkul.uvdesk.com/en/blog/storeowner-track-visitor-behaviour-using-facebook-pixel"
}, {
    "name": "In Magento 2 Marketplace Seller Groups Add-On, \"New Sellers\" are assigned to which group?\n",
    "url": "https://webkul.uvdesk.com/en/blog/magento2-new-seller-assigned-group"
}, {
    "name": "Can a vendor change its group before listing duration expires?\n",
    "url": "https://webkul.uvdesk.com/en/blog/magento2-seller-group-change"
}, {
    "name": "Can customer make RMA request based on quantity & seller wise within the Magento 2 Marketplace?\n",
    "url": "https://webkul.uvdesk.com/en/blog/how-rma-generate-quantity-seller-wise-within-same-order"
}, {
    "name": "How to add a new tab on the product page with addition information of the product?\n",
    "url": "https://webkul.uvdesk.com/en/blog/how-add-tab-product-page-containing-additional-product-information"
}, {
    "name": "How to create separate login/sign-up page for the vendors?\n",
    "url": "https://webkul.uvdesk.com/en/blog/opencart-vendor-login-sign-up-page"
}, {
    "name": "Can guest user enter email for receiving the out of stock notifications?\n",
    "url": "https://webkul.uvdesk.com/en/blog/can-guest-user-enter-email-stock-notifications"
}, {
    "name": "Can the vendor allow his customers to choose preferred delivery date and time at checkout in Magento 2 Marketplace?\n",
    "url": "https://webkul.uvdesk.com/en/blog/vendor-allow-customers-choose-delivery-time"
}, {
    "name": "Can vendor have his own sub-domain within the Magento 2 Marketplace Multi-Vendor module?\n",
    "url": "https://webkul.uvdesk.com/en/blog/can-vendor-have-sub-domain"
}, {
    "name": "How to use the Magento 2 attributes or the AliExpress product attributes while importing products from the AliExpress website?\n",
    "url": "https://webkul.uvdesk.com/en/blog/how-use-magento-aliexpress-attributes-on-product-import"
}, {
    "name": "How does Quickbooks create sales receipt for the bundled products?\n",
    "url": "https://webkul.uvdesk.com/en/blog/create-sales-receipt-bundle-products"
}, {
    "name": "How vendors create duplicate products within the Magento 2 Marketplace? \n",
    "url": "https://webkul.uvdesk.com/en/blog/can-vendors-create-duplicate-products-within-the-magento2-marketplace"
}]